timestamp,time_s,x_ut,y_ut,z_ut,magnitude
2026-01-30T11:24:02.547647,0.939,-20.50,-144.60,170.00,224.12
2026-01-30T11:24:02.547647,0.939,-93.30,-104.00,206.30,249.16
2026-01-30T11:24:02.667053,1.058,-68.60,-119.00,63.50,151.32
2026-01-30T11:24:02.667053,1.058,-37.00,-176.90,56.30,189.29
2026-01-30T11:24:02.777688,1.169,-68.60,-129.50,185.70,236.56
2026-01-30T11:24:02.777688,1.169,-79.80,-113.00,103.50,172.77
2026-01-30T11:24:02.882863,1.274,-33.30,-116.80,80.50,145.71
2026-01-30T11:24:02.883862,1.275,-84.30,-181.40,197.80,281.31
2026-01-30T11:24:03.000269,1.391,-63.30,-113.00,98.60,162.78
2026-01-30T11:24:03.000269,1.391,-7.00,-168.60,113.10,203.14
2026-01-30T11:24:03.000269,1.391,-30.30,-146.80,173.60,229.36
2026-01-30T11:24:03.115207,1.506,-109.10,-105.50,148.20,212.12
2026-01-30T11:24:03.115207,1.506,-1.00,-128.80,131.30,183.93
2026-01-30T11:24:03.228659,1.620,-36.30,-145.30,200.30,250.10
2026-01-30T11:24:03.228659,1.620,-40.00,-146.80,161.50,221.88
2026-01-30T11:24:03.343211,1.734,-52.00,-142.30,206.30,255.96
2026-01-30T11:24:03.344210,1.735,-17.50,-116.00,130.10,175.18
2026-01-30T11:24:03.344210,1.735,-22.80,-137.80,133.70,193.35
2026-01-30T11:24:03.464580,1.856,-25.00,-149.10,164.00,223.05
2026-01-30T11:24:03.464580,1.856,-75.30,-135.60,132.50,203.99
2026-01-30T11:24:03.575167,1.966,-70.10,-116.80,124.00,184.21
2026-01-30T11:24:03.576168,1.967,-34.80,-94.30,108.30,147.76
2026-01-30T11:24:03.698564,2.090,-19.00,-162.60,149.40,221.63
2026-01-30T11:24:03.698564,2.090,-112.10,-101.00,151.90,214.11
2026-01-30T11:24:03.698564,2.090,-67.10,-112.30,102.20,166.01
2026-01-30T11:24:03.810321,2.201,-51.30,-115.30,141.00,189.23
2026-01-30T11:24:03.810321,2.201,-6.20,-176.10,195.40,263.12
2026-01-30T11:24:03.927058,2.318,-84.30,-104.80,197.80,239.20
2026-01-30T11:24:03.927058,2.318,-43.80,-119.00,68.40,144.08
2026-01-30T11:24:04.041215,2.432,-14.50,-126.50,173.60,215.29
2026-01-30T11:24:04.041215,2.432,-78.30,-155.80,132.50,219.00
2026-01-30T11:24:04.041215,2.432,-67.10,-122.00,134.90,193.87
2026-01-30T11:24:04.161096,2.552,-29.50,-116.00,96.20,153.56
2026-01-30T11:24:04.161096,2.552,-30.30,-152.80,193.00,248.02
2026-01-30T11:24:04.281783,2.673,-54.30,-139.30,193.00,244.14
2026-01-30T11:24:04.281783,2.673,-62.60,-107.00,108.30,164.61
2026-01-30T11:24:04.398605,2.790,-37.80,-108.50,159.10,196.25
2026-01-30T11:24:04.398605,2.790,-66.30,-107.00,161.50,204.76
2026-01-30T11:24:04.398605,2.790,-67.10,-176.10,154.30,243.56
2026-01-30T11:24:04.518696,2.910,-58.80,-90.50,93.80,142.99
2026-01-30T11:24:04.518696,2.910,-8.50,-83.00,78.00,114.22
2026-01-30T11:24:04.640023,3.031,-11.50,-149.10,212.40,259.76
2026-01-30T11:24:04.640530,3.032,-53.50,-161.80,191.80,256.57
2026-01-30T11:24:04.640530,3.032,-64.80,-112.30,102.20,165.09
2026-01-30T11:24:04.748728,3.140,-21.30,-131.80,86.50,159.08
2026-01-30T11:24:04.748728,3.140,-58.10,-147.60,208.70,262.14
2026-01-30T11:24:04.855587,3.247,-76.10,-101.80,85.30,153.07
2026-01-30T11:24:04.855587,3.247,-32.50,-162.60,79.30,183.80
2026-01-30T11:24:04.964016,3.355,-49.80,-176.10,148.20,235.49
2026-01-30T11:24:04.964016,3.355,-85.80,-116.00,115.60,184.88
2026-01-30T11:24:05.072744,3.464,-1.70,-156.60,127.70,202.07
2026-01-30T11:24:05.072744,3.464,-88.10,-141.60,193.00,255.07
2026-01-30T11:24:05.193569,3.585,-72.30,-91.20,144.60,185.62
2026-01-30T11:24:05.193569,3.585,-22.00,-80.00,93.80,125.23
2026-01-30T11:24:05.193569,3.585,-19.00,-157.30,143.40,213.70
2026-01-30T11:24:05.303767,3.695,-60.30,-111.50,223.20,256.68
2026-01-30T11:24:05.303767,3.695,-80.60,-107.00,88.90,160.77
2026-01-30T11:24:05.414093,3.805,-15.20,-110.00,149.40,186.15
2026-01-30T11:24:05.414093,3.805,-13.70,-124.30,159.10,202.36
2026-01-30T11:24:05.525032,3.916,-7.00,-134.80,149.40,201.35
2026-01-30T11:24:05.525032,3.916,-61.80,-134.10,159.10,217.06
2026-01-30T11:24:05.638203,4.029,-44.50,-104.00,86.50,142.40
2026-01-30T11:24:05.638203,4.029,-43.00,-90.50,114.30,152.00
2026-01-30T11:24:05.638203,4.029,-30.30,-143.10,183.30,234.51
2026-01-30T11:24:05.751512,4.143,-74.60,-117.50,180.90,228.25
2026-01-30T11:24:05.751512,4.143,-65.60,-125.00,149.40,205.54
2026-01-30T11:24:05.864306,4.255,-73.10,-95.80,88.90,149.75
2026-01-30T11:24:05.864306,4.255,-34.80,-119.80,81.70,149.12
2026-01-30T11:24:05.977617,4.369,-26.50,-175.40,159.10,238.29
2026-01-30T11:24:05.977617,4.369,-100.90,-158.80,173.60,256.00
2026-01-30T11:24:06.092568,4.484,-79.80,-101.00,132.50,184.73
2026-01-30T11:24:06.092568,4.484,-34.00,-133.30,78.00,158.14
2026-01-30T11:24:06.093571,4.485,-36.30,-143.10,134.90,199.98
2026-01-30T11:24:06.208780,4.600,-31.80,-161.10,182.10,245.20
2026-01-30T11:24:06.208780,4.600,-60.30,-155.80,172.40,240.07
2026-01-30T11:24:06.323162,4.714,-80.60,-105.50,134.90,189.27
2026-01-30T11:24:06.323162,4.714,-54.30,-113.00,65.90,141.63
2026-01-30T11:24:06.437825,4.829,-2.50,-176.10,143.40,227.11
2026-01-30T11:24:06.437825,4.829,-67.80,-81.50,180.90,209.68
2026-01-30T11:24:06.438825,4.830,-96.40,-106.30,130.10,193.70
2026-01-30T11:24:06.556016,4.947,-37.80,-153.60,124.00,200.99
2026-01-30T11:24:06.557015,4.948,-94.90,-149.10,172.40,246.90
2026-01-30T11:24:06.687709,5.079,-77.60,-98.80,113.10,169.04
2026-01-30T11:24:06.687709,5.079,-7.00,-83.70,122.80,148.78
2026-01-30T11:24:06.687709,5.079,-9.20,-188.10,194.20,270.52
2026-01-30T11:24:06.797975,5.189,-71.60,-136.30,124.00,197.69
2026-01-30T11:24:06.797975,5.189,-51.30,-113.00,86.50,151.27
2026-01-30T11:24:06.906977,5.298,-65.60,-95.00,113.10,161.62
2026-01-30T11:24:06.906977,5.298,-34.00,-146.10,65.90,163.84
2026-01-30T11:24:07.017013,5.408,-68.60,-151.30,171.20,238.55
2026-01-30T11:24:07.017013,5.408,-37.00,-147.60,172.40,229.95
2026-01-30T11:24:07.125973,5.517,-92.60,-113.00,76.80,165.05
2026-01-30T11:24:07.125973,5.517,-71.60,-108.50,93.80,160.30
2026-01-30T11:24:07.235976,5.627,-34.00,-152.10,114.30,193.27
2026-01-30T11:24:07.235976,5.627,-58.80,-144.60,180.90,238.94
2026-01-30T11:24:07.344590,5.736,1.30,-155.80,136.10,206.88
2026-01-30T11:24:07.344590,5.736,-79.10,-112.30,164.00,213.93
2026-01-30T11:24:07.344590,5.736,-73.80,-99.50,111.90,166.94
2026-01-30T11:24:07.455967,5.847,-44.50,-107.00,61.10,131.01
2026-01-30T11:24:07.455967,5.847,-27.30,-171.60,164.00,238.93
2026-01-30T11:24:07.561686,5.953,-57.30,-135.60,164.00,220.38
2026-01-30T11:24:07.561686,5.953,-67.80,-89.70,79.30,137.59
2026-01-30T11:24:07.667104,6.058,-15.20,-122.00,90.10,152.42
2026-01-30T11:24:07.667104,6.058,-19.00,-155.80,170.00,231.38
2026-01-30T11:24:07.783962,6.175,-49.80,-170.10,166.40,243.11
2026-01-30T11:24:07.783962,6.175,-64.10,-122.00,155.50,207.78
2026-01-30T11:24:07.889078,6.280,-21.30,-168.60,68.40,183.19
2026-01-30T11:24:07.889078,6.280,-79.10,-163.30,161.50,242.91
2026-01-30T11:24:07.889078,6.280,-68.60,-100.30,125.20,174.47
2026-01-30T11:24:07.992989,6.384,-25.00,-125.80,86.50,154.70
2026-01-30T11:24:07.992989,6.384,-10.70,-150.60,99.80,180.98
2026-01-30T11:24:08.113025,6.504,-20.50,-176.10,155.50,235.82
2026-01-30T11:24:08.113025,6.504,-54.30,-167.80,213.60,277.00
2026-01-30T11:24:08.218221,6.609,-79.10,-92.70,130.10,178.26
2026-01-30T11:24:08.219221,6.610,-26.50,-128.00,103.50,166.73
2026-01-30T11:24:08.323914,6.715,-39.30,-124.30,114.30,173.38
2026-01-30T11:24:08.323914,6.715,-53.50,-147.60,206.30,259.24
2026-01-30T11:24:08.440620,6.832,-73.80,-125.00,96.20,174.14
2026-01-30T11:24:08.440620,6.832,-9.20,-122.00,110.70,164.99
2026-01-30T11:24:08.440620,6.832,-35.50,-157.30,161.50,228.22
2026-01-30T11:24:08.546755,6.938,-71.60,-131.80,174.80,230.33
2026-01-30T11:24:08.546755,6.938,-76.10,-115.30,144.60,199.99
2026-01-30T11:24:08.653116,7.044,-64.80,-90.50,101.00,150.30
2026-01-30T11:24:08.653116,7.044,-7.70,-143.10,82.90,165.56
2026-01-30T11:24:08.761486,7.153,-42.30,-146.80,189.40,243.33
2026-01-30T11:24:08.761486,7.153,-115.90,-101.80,193.00,247.07
2026-01-30T11:24:08.868162,7.259,-82.80,-143.10,73.20,180.81
2026-01-30T11:24:08.868162,7.259,-85.80,-119.80,79.30,167.34
2026-01-30T11:24:08.975362,7.366,-28.80,-113.00,82.90,143.08
2026-01-30T11:24:08.975362,7.366,-30.30,-127.30,130.10,184.52
2026-01-30T11:24:09.083542,7.475,-89.60,-163.30,154.30,241.88
2026-01-30T11:24:09.083542,7.475,-73.80,-87.50,139.80,180.68
2026-01-30T11:24:09.190240,7.581,-83.60,-79.20,109.50,158.91
2026-01-30T11:24:09.190240,7.581,-20.50,-126.50,80.50,151.34
2026-01-30T11:24:09.190240,7.581,-29.50,-158.80,171.20,235.37
2026-01-30T11:24:09.299475,7.691,-96.40,-142.30,126.40,213.35
2026-01-30T11:24:09.299987,7.691,-102.40,-104.80,104.70,180.09
2026-01-30T11:24:09.408756,7.800,-48.30,-116.80,91.40,155.98
2026-01-30T11:24:09.408756,7.800,-30.30,-128.00,162.70,209.22
2026-01-30T11:24:09.518756,7.910,-38.50,-148.30,180.90,237.07
2026-01-30T11:24:09.518756,7.910,-72.30,-79.20,213.60,239.01
2026-01-30T11:24:09.629844,8.021,-3.20,-116.00,125.20,170.71
2026-01-30T11:24:09.629844,8.021,-22.80,-153.60,200.30,253.44
2026-01-30T11:24:09.740563,8.132,-65.60,-128.00,170.00,222.68
2026-01-30T11:24:09.740563,8.132,-51.30,-165.60,97.40,198.85
2026-01-30T11:24:09.740563,8.132,-19.80,-139.30,199.00,243.72
2026-01-30T11:24:09.849244,8.240,-70.10,-101.00,184.50,221.71
2026-01-30T11:24:09.850245,8.241,1.30,-125.80,52.60,136.36
2026-01-30T11:24:09.972984,8.364,-25.80,-163.30,153.10,225.33
2026-01-30T11:24:09.972984,8.364,-91.80,-133.30,144.60,217.04
2026-01-30T11:24:10.080692,8.472,-32.50,-104.80,35.70,115.39
2026-01-30T11:24:10.080692,8.472,-14.50,-180.60,173.60,250.93
2026-01-30T11:24:10.189877,8.581,-85.80,-147.60,196.60,260.38
2026-01-30T11:24:10.189877,8.581,-97.10,-91.20,80.50,155.65
2026-01-30T11:24:10.189877,8.581,-42.30,-95.00,88.90,136.81
2026-01-30T11:24:10.300091,8.691,-30.30,-146.80,226.90,271.94
2026-01-30T11:24:10.300091,8.691,-63.30,-164.80,209.90,274.27
2026-01-30T11:24:10.410829,8.802,-58.10,-119.80,130.10,186.15
2026-01-30T11:24:10.411831,8.803,-24.30,-137.80,143.40,200.36
2026-01-30T11:24:10.522033,8.913,-73.80,-172.40,166.40,250.71
2026-01-30T11:24:10.523034,8.914,-73.10,-102.50,59.90,139.42
2026-01-30T11:24:10.637262,9.028,-45.30,-143.80,125.20,195.97
2026-01-30T11:24:10.637767,9.029,-64.10,-140.80,133.70,204.47
2026-01-30T11:24:10.637767,9.029,-84.30,-111.50,86.50,164.38
2026-01-30T11:24:10.748494,9.140,-10.70,-154.30,87.70,177.80
2026-01-30T11:24:10.748494,9.140,-79.10,-152.80,207.50,269.56
2026-01-30T11:24:10.863976,9.255,-82.80,-100.30,98.60,163.21
2026-01-30T11:24:10.863976,9.255,-46.80,-119.80,93.80,159.19
2026-01-30T11:24:10.973906,9.365,-45.30,-161.10,148.20,223.54
2026-01-30T11:24:10.973906,9.365,-83.60,-107.00,97.40,167.11
2026-01-30T11:24:11.083095,9.474,-8.50,-159.60,109.50,193.74
2026-01-30T11:24:11.083095,9.474,-73.10,-173.90,143.40,236.96
2026-01-30T11:24:11.191939,9.583,-58.80,-116.00,93.80,160.35
2026-01-30T11:24:11.191939,9.583,-20.50,-197.90,61.10,208.13
2026-01-30T11:24:11.191939,9.583,-1.00,-181.40,137.30,227.50
2026-01-30T11:24:11.302165,9.693,-36.30,-226.40,147.00,272.37
2026-01-30T11:24:11.302165,9.693,-22.00,-202.40,34.50,206.49
2026-01-30T11:24:11.410904,9.802,52.30,-188.90,91.40,216.27
2026-01-30T11:24:11.410904,9.802,81.60,-254.20,102.20,285.87
2026-01-30T11:24:11.520957,9.912,58.40,-252.70,154.30,301.79
2026-01-30T11:24:11.520957,9.912,111.70,-261.00,124.00,309.80
2026-01-30T11:24:11.627655,10.019,195.00,-351.80,168.80,436.21
2026-01-30T11:24:11.627655,10.019,141.00,-381.10,242.60,473.26
2026-01-30T11:24:11.746989,10.138,145.50,-353.30,167.60,417.23
2026-01-30T11:24:11.746989,10.138,246.10,-408.20,189.40,512.90
2026-01-30T11:24:11.747988,10.139,176.30,-414.20,337.00,562.33
2026-01-30T11:24:11.865415,10.257,200.30,-453.20,278.90,568.59
2026-01-30T11:24:11.865415,10.257,267.10,-442.00,295.80,595.15
2026-01-30T11:24:11.973086,10.364,281.40,-514.10,415.60,718.48
2026-01-30T11:24:11.973086,10.364,234.10,-497.50,401.10,680.58
2026-01-30T11:24:12.085151,10.476,285.20,-509.60,374.50,693.74
2026-01-30T11:24:12.085151,10.476,305.40,-544.10,525.70,815.89
2026-01-30T11:24:12.195920,10.587,264.10,-515.60,510.00,771.81
2026-01-30T11:24:12.195920,10.587,324.20,-521.60,493.10,787.60
2026-01-30T11:24:12.195920,10.587,337.70,-558.40,631.00,907.75
2026-01-30T11:24:12.305953,10.697,363.30,-554.60,628.60,913.62
2026-01-30T11:24:12.305953,10.697,458.60,-526.80,559.60,894.98
2026-01-30T11:24:12.419900,10.811,469.90,-557.60,680.60,997.47
2026-01-30T11:24:12.419900,10.811,410.60,-514.10,662.50,933.70
2026-01-30T11:24:12.525419,10.917,496.90,-515.60,571.70,916.29
2026-01-30T11:24:12.525419,10.917,419.60,-497.50,483.40,810.71
2026-01-30T11:24:12.635434,11.027,282.20,-430.70,399.90,651.97
2026-01-30T11:24:12.635434,11.027,229.60,-356.30,249.90,492.05
2026-01-30T11:24:12.745876,11.137,142.50,-346.60,148.20,402.99
2026-01-30T11:24:12.745876,11.137,69.60,-290.30,189.40,353.54
2026-01-30T11:24:12.745876,11.137,36.60,-258.00,121.60,287.56
2026-01-30T11:24:12.856123,11.247,-34.80,-167.10,39.30,175.15
2026-01-30T11:24:12.856123,11.247,30.60,-194.90,84.10,214.46
2026-01-30T11:24:12.966509,11.358,14.00,-208.40,136.10,249.30
2026-01-30T11:24:12.966509,11.358,-36.30,-221.90,122.80,256.20
2026-01-30T11:24:13.075870,11.467,-43.80,-161.10,127.70,210.19
2026-01-30T11:24:13.075870,11.467,-12.20,-181.40,136.10,227.11
2026-01-30T11:24:13.183894,11.575,-14.50,-173.10,138.50,222.16
2026-01-30T11:24:13.183894,11.575,-43.00,-152.10,164.00,227.77
2026-01-30T11:24:13.293865,11.685,-55.80,-120.50,74.40,152.21
2026-01-30T11:24:13.293865,11.685,-33.30,-112.30,137.30,180.48
2026-01-30T11:24:13.293865,11.685,-34.80,-140.10,185.70,235.21
2026-01-30T11:24:13.403861,11.795,-64.10,-126.50,168.80,220.46
2026-01-30T11:24:13.403861,11.795,-90.30,-92.00,86.50,155.24
2026-01-30T11:24:13.521041,11.912,-22.80,-166.30,76.80,184.59
2026-01-30T11:24:13.521041,11.912,-61.10,-174.60,145.80,235.53
2026-01-30T11:24:13.640165,12.031,-40.00,-116.00,62.30,137.61
2026-01-30T11:24:13.640165,12.031,0.50,-182.90,99.80,208.36
2026-01-30T11:24:13.640165,12.031,-82.80,-184.40,150.60,252.07
2026-01-30T11:24:13.745880,12.137,-56.60,-149.80,50.20,167.82
2026-01-30T11:24:13.745880,12.137,-16.70,-165.60,177.30,243.18
2026-01-30T11:24:13.862067,12.253,-59.60,-134.10,137.30,200.96
2026-01-30T11:24:13.862067,12.253,0.50,-142.30,79.30,162.90
2026-01-30T11:24:13.973046,12.364,27.60,-178.40,150.60,235.09
2026-01-30T11:24:13.974047,12.365,-26.50,-173.90,120.40,213.17
2026-01-30T11:24:14.078718,12.470,2.80,-154.30,108.30,188.53
2026-01-30T11:24:14.078718,12.470,65.90,-258.00,52.60,271.43
2026-01-30T11:24:14.185380,12.576,91.40,-299.30,97.40,327.75
2026-01-30T11:24:14.185380,12.576,147.70,-356.30,157.90,416.77
2026-01-30T11:24:14.300891,12.692,272.40,-402.90,78.00,492.56
2026-01-30T11:24:14.300891,12.692,508.20,-453.20,161.50,699.81
2026-01-30T11:24:14.300891,12.692,651.60,-562.10,379.30,940.43
2026-01-30T11:24:14.407509,12.799,753.00,-572.60,565.70,1102.22
2026-01-30T11:24:14.407509,12.799,885.20,-519.30,618.90,1198.45
2026-01-30T11:24:14.515593,12.907,964.80,-541.10,835.50,1386.25
2026-01-30T11:24:14.515593,12.907,999.40,-504.30,975.90,1485.09
2026-01-30T11:24:14.625842,13.017,1075.20,-492.30,943.20,1512.63
2026-01-30T11:24:14.625842,13.017,1101.50,-542.60,1065.40,1625.67
2026-01-30T11:24:14.736447,13.128,1132.30,-525.30,985.50,1590.36
2026-01-30T11:24:14.736447,13.128,1199.90,-494.50,962.60,1615.82
2026-01-30T11:24:14.847518,13.239,1317.00,-499.80,921.40,1683.23
2026-01-30T11:24:14.847518,13.239,1356.80,-526.80,922.60,1723.26
2026-01-30T11:24:14.848518,13.240,1457.50,-484.00,742.30,1705.75
2026-01-30T11:24:14.961974,13.353,1529.60,-434.50,677.00,1728.23
2026-01-30T11:24:14.962976,13.354,1525.10,-513.30,612.90,1721.93
2026-01-30T11:24:15.072347,13.463,1366.60,-427.70,458.00,1503.43
2026-01-30T11:24:15.072347,13.463,1263.70,-436.70,383.00,1390.80
2026-01-30T11:24:15.194496,13.586,1227.70,-490.00,513.60,1418.14
2026-01-30T11:24:15.194496,13.586,1146.60,-421.70,758.10,1437.79
2026-01-30T11:24:15.194496,13.586,1190.10,-496.00,894.80,1569.40
2026-01-30T11:24:15.304362,13.695,1144.30,-563.60,1008.50,1626.08
2026-01-30T11:24:15.304362,13.695,970.10,-562.90,931.10,1457.70
2026-01-30T11:24:15.412957,13.804,847.70,-636.50,731.40,1287.89
2026-01-30T11:24:15.412957,13.804,669.70,-683.80,499.10,1079.44
2026-01-30T11:24:15.523336,13.914,474.40,-677.80,426.50,930.79
2026-01-30T11:24:15.523336,13.914,270.90,-583.20,312.80,715.09
2026-01-30T11:24:15.634380,14.025,150.70,-460.70,167.60,512.88
2026-01-30T11:24:15.634380,14.025,125.90,-354.10,151.90,405.35
2026-01-30T11:24:15.744885,14.136,70.40,-336.10,143.40,372.13
2026-01-30T11:24:15.744885,14.136,45.60,-284.30,157.90,328.39
2026-01-30T11:24:15.744885,14.136,-28.80,-221.20,132.50,259.45
2026-01-30T11:24:15.854844,14.246,-65.60,-166.30,56.30,187.43
2026-01-30T11:24:15.854844,14.246,-28.80,-131.00,110.70,173.91
2026-01-30T11:24:15.965957,14.357,-23.50,-188.90,147.00,240.51
2026-01-30T11:24:15.965957,14.357,-22.00,-182.90,132.50,226.92
2026-01-30T11:24:16.075330,14.466,-84.30,-165.60,125.20,224.06
2026-01-30T11:24:16.075330,14.466,-55.80,-109.30,164.00,204.83
2026-01-30T11:24:16.185423,14.577,-67.10,-110.00,119.20,175.53
2026-01-30T11:24:16.185423,14.577,-7.70,-104.00,58.70,119.67
2026-01-30T11:24:16.293318,14.684,-14.50,-204.60,92.60,225.05
2026-01-30T11:24:16.293318,14.684,-61.80,-117.50,245.00,278.66
2026-01-30T11:24:16.293318,14.684,-74.60,-122.00,101.00,175.07
2026-01-30T11:24:16.402092,14.793,-55.80,-156.60,47.80,172.98
2026-01-30T11:24:16.403091,14.794,-4.70,-198.60,137.30,241.49
2026-01-30T11:24:16.515938,14.907,-76.80,-107.80,157.90,206.04
2026-01-30T11:24:16.515938,14.907,-18.20,-122.00,38.10,129.10
2026-01-30T11:24:16.637602,15.029,-23.50,-157.30,193.00,250.09
2026-01-30T11:24:16.637602,15.029,-50.50,-176.90,126.40,223.21
2026-01-30T11:24:16.638807,15.030,-76.10,-110.80,109.50,173.37
2026-01-30T11:24:16.747642,15.139,-7.70,-107.80,87.70,139.18
2026-01-30T11:24:16.748642,15.140,-1.00,-141.60,190.60,237.44
2026-01-30T11:24:16.857957,15.249,-50.50,-147.60,157.90,221.96
2026-01-30T11:24:16.857957,15.249,-54.30,-131.80,69.60,158.63
2026-01-30T11:24:16.967483,15.359,-27.30,-125.00,64.70,143.37
2026-01-30T11:24:16.967483,15.359,-26.50,-155.80,177.30,237.51
2026-01-30T11:24:17.081816,15.473,-47.50,-160.30,166.40,235.88
2026-01-30T11:24:17.081816,15.473,-61.80,-107.80,130.10,179.91
2026-01-30T11:24:17.193966,15.585,-17.50,-131.00,142.20,194.13
2026-01-30T11:24:17.194966,15.586,-21.30,-180.60,159.10,241.63
2026-01-30T11:24:17.194966,15.586,-51.30,-147.60,203.90,256.89
2026-01-30T11:24:17.307382,15.698,-67.80,-118.30,130.10,188.46
2026-01-30T11:24:17.308382,15.699,-42.30,-122.80,88.90,157.39
2026-01-30T11:24:17.420880,15.812,-46.80,-155.80,160.30,228.39
2026-01-30T11:24:17.420880,15.812,-78.30,-148.30,171.20,239.65
2026-01-30T11:24:17.540037,15.931,-88.10,-119.00,95.00,175.92
2026-01-30T11:24:17.540037,15.931,-16.00,-156.60,98.60,185.75
2026-01-30T11:24:17.540037,15.931,-94.10,-161.10,149.40,239.02
2026-01-30T11:24:17.653345,16.044,-75.30,-111.50,127.70,185.50
2026-01-30T11:24:17.653345,16.044,-43.80,-132.60,65.90,154.42
2026-01-30T11:24:17.767677,16.159,-87.30,-134.80,191.80,250.16
2026-01-30T11:24:17.767677,16.159,-69.30,-128.80,124.00,191.75
2026-01-30T11:24:17.881580,16.273,-2.50,-149.80,81.70,170.65
2026-01-30T11:24:17.881580,16.273,-61.80,-142.30,171.20,231.04
2026-01-30T11:24:17.995750,16.387,-89.60,-100.30,88.90,161.22
2026-01-30T11:24:17.995750,16.387,-31.80,-146.80,93.80,177.09
2026-01-30T11:24:17.995750,16.387,-67.80,-161.10,180.90,251.54
2026-01-30T11:24:18.108291,16.499,-76.10,-106.30,122.80,179.36
2026-01-30T11:24:18.108291,16.499,-24.30,-96.50,144.60,175.53
2026-01-30T11:24:18.233313,16.624,-35.50,-125.00,216.00,252.07
2026-01-30T11:24:18.233313,16.624,-14.50,-175.40,136.10,222.48
2026-01-30T11:24:18.346782,16.738,-95.60,-131.80,166.40,232.81
2026-01-30T11:24:18.346782,16.738,-77.60,-128.00,102.20,181.25
2026-01-30T11:24:18.346782,16.738,-31.00,-110.80,98.60,151.52
2026-01-30T11:24:18.458904,16.850,-15.20,-144.60,149.40,208.47
2026-01-30T11:24:18.458904,16.850,-73.80,-89.00,182.10,215.70
2026-01-30T11:24:18.573026,16.964,1.30,-102.50,105.90,147.39
2026-01-30T11:24:18.573026,16.964,-15.20,-182.90,171.20,250.98
2026-01-30T11:24:18.687432,17.079,-45.30,-161.80,126.40,210.26
2026-01-30T11:24:18.687432,17.079,5.00,-194.90,69.60,207.01
2026-01-30T11:24:18.687432,17.079,62.90,-243.70,81.70,264.61
2026-01-30T11:24:18.801832,17.193,53.80,-237.70,131.30,276.83
2026-01-30T11:24:18.801832,17.193,157.50,-318.80,67.20,361.88
2026-01-30T11:24:18.918769,17.310,249.10,-420.90,178.50,520.64
2026-01-30T11:24:18.918769,17.310,372.30,-500.50,248.70,671.53
2026-01-30T11:24:19.030915,17.422,505.20,-567.40,332.10,829.13
2026-01-30T11:24:19.030915,17.422,708.70,-718.30,512.40,1131.71
2026-01-30T11:24:19.141913,17.533,808.60,-820.50,701.20,1348.61
2026-01-30T11:24:19.141913,17.533,893.50,-774.70,821.00,1439.63
2026-01-30T11:24:19.141913,17.533,913.70,-768.60,983.10,1546.63
2026-01-30T11:24:19.252888,17.644,927.30,-796.40,1132.00,1666.00
2026-01-30T11:24:19.252888,17.644,915.20,-756.60,1128.30,1638.02
2026-01-30T11:24:19.363429,17.755,904.00,-734.10,1060.60,1575.12
2026-01-30T11:24:19.364428,17.756,947.50,-691.30,1100.50,1608.34
2026-01-30T11:24:19.475995,17.867,871.70,-722.10,1109.00,1584.67
2026-01-30T11:24:19.476995,17.868,898.70,-730.30,1063.00,1571.93
2026-01-30T11:24:19.587852,17.979,961.80,-725.10,1061.80,1605.69
2026-01-30T11:24:19.587852,17.979,1069.20,-740.90,1196.10,1767.14
2026-01-30T11:24:19.588852,17.980,1194.60,-878.30,1331.60,1992.90
2026-01-30T11:24:19.710260,18.101,1339.60,-1108.90,1294.10,2167.69
2026-01-30T11:24:19.710260,18.101,1312.50,-1467.10,1019.40,2216.80
2026-01-30T11:24:19.817392,18.209,1154.10,-1599.30,724.20,2100.99
2026-01-30T11:24:19.817392,18.209,986.60,-1564.00,274.10,1869.39
2026-01-30T11:24:19.924419,18.316,803.30,-1395.70,-156.70,1617.97
2026-01-30T11:24:19.924419,18.316,662.20,-1286.10,-432.60,1509.87
2026-01-30T11:24:20.029771,18.421,445.10,-1097.60,-558.40,1309.45
2026-01-30T11:24:20.030278,18.421,367.00,-963.20,-737.50,1267.42
2026-01-30T11:24:20.135874,18.527,385.80,-998.50,-789.50,1330.10
2026-01-30T11:24:20.135874,18.527,436.10,-997.00,-859.70,1386.82
2026-01-30T11:24:20.241914,18.633,549.50,-1026.20,-1007.30,1539.38
2026-01-30T11:24:20.241914,18.633,805.60,-1108.10,-1225.10,1837.86
2026-01-30T11:24:20.241914,18.633,1135.30,-1276.30,-1307.40,2151.08
2026-01-30T11:24:20.347741,18.739,1585.10,-1367.20,-1266.30,2446.49
2026-01-30T11:24:20.348741,18.740,2278.30,-1425.80,-644.30,2763.82
2026-01-30T11:24:20.459991,18.851,2221.20,-1179.40,297.10,2532.39
2026-01-30T11:24:20.459991,18.851,1792.40,-957.90,896.00,2221.06
2026-01-30T11:24:20.577809,18.969,1344.10,-808.50,1021.80,1871.99
2026-01-30T11:24:20.577809,18.969,1166.80,-844.50,836.70,1665.73
2026-01-30T11:24:20.693801,19.085,1110.50,-961.70,879.10,1711.99
2026-01-30T11:24:20.693801,19.085,946.80,-937.60,885.10,1599.66
2026-01-30T11:24:20.693801,19.085,919.00,-971.40,842.80,1580.66
2026-01-30T11:24:20.805268,19.196,855.20,-1051.00,834.30,1591.23
2026-01-30T11:24:20.805268,19.196,743.30,-1119.40,845.20,1587.42
2026-01-30T11:24:20.918510,19.310,756.00,-1268.10,704.80,1635.96
2026-01-30T11:24:20.918510,19.310,670.40,-1403.20,568.10,1655.64
2026-01-30T11:24:21.032577,19.424,532.20,-1482.10,389.00,1622.09
2026-01-30T11:24:21.033577,19.425,431.60,-1447.60,64.70,1511.96
2026-01-30T11:24:21.159001,19.550,308.40,-1391.20,-50.20,1425.86
2026-01-30T11:24:21.160001,19.551,170.30,-1269.60,-255.90,1306.28
2026-01-30T11:24:21.160001,19.551,153.70,-1102.80,-386.60,1178.66
2026-01-30T11:24:21.271307,19.662,127.40,-1047.30,-380.50,1121.54
2026-01-30T11:24:21.271307,19.662,122.90,-954.90,-374.50,1033.05
2026-01-30T11:24:21.384231,19.775,184.50,-873.80,-461.60,1005.31
2026-01-30T11:24:21.384231,19.775,305.40,-882.80,-420.50,1024.41
2026-01-30T11:24:21.501313,19.892,372.30,-904.60,-292.20,1020.93
2026-01-30T11:24:21.501313,19.892,461.60,-884.30,-349.10,1056.85
2026-01-30T11:24:21.502313,19.893,614.80,-971.40,-253.50,1177.23
2026-01-30T11:24:21.618355,20.009,776.30,-1018.00,-74.40,1282.38
2026-01-30T11:24:21.618355,20.009,911.50,-972.90,-5.40,1333.19
2026-01-30T11:24:21.733891,20.125,1026.40,-1004.50,231.70,1454.72
2026-01-30T11:24:21.734891,20.126,1009.90,-970.70,439.80,1468.19
2026-01-30T11:24:21.851379,20.242,970.10,-991.70,579.00,1503.26
2026-01-30T11:24:21.851379,20.242,922.00,-952.60,638.30,1471.38
2026-01-30T11:24:21.852374,20.243,883.00,-1024.70,739.90,1541.80
2026-01-30T11:24:21.970027,20.361,856.70,-1063.00,822.20,1593.71
2026-01-30T11:24:21.970027,20.361,776.30,-1196.70,931.10,1703.43
2026-01-30T11:24:22.084980,20.476,705.00,-1241.00,978.30,1730.37
2026-01-30T11:24:22.085980,20.477,656.90,-1223.80,904.50,1657.51
2026-01-30T11:24:22.200807,20.592,728.20,-1291.30,859.70,1713.71
2026-01-30T11:24:22.200807,20.592,653.10,-1393.50,851.20,1758.67
2026-01-30T11:24:22.200807,20.592,607.30,-1464.10,764.10,1759.62
2026-01-30T11:24:22.316375,20.707,461.60,-1546.70,623.80,1730.46
2026-01-30T11:24:22.316375,20.707,321.20,-1446.10,384.20,1530.35
2026-01-30T11:24:22.432216,20.823,250.60,-1386.70,197.80,1422.98
2026-01-30T11:24:22.432216,20.823,142.50,-1226.80,113.10,1240.22
2026-01-30T11:24:22.547973,20.939,107.20,-1028.50,27.20,1034.43
2026-01-30T11:24:22.548973,20.940,14.00,-806.90,-61.10,809.33
2026-01-30T11:24:22.548973,20.940,23.80,-680.00,-126.40,692.06
2026-01-30T11:24:22.665513,21.057,-5.50,-547.10,-111.90,558.45
2026-01-30T11:24:22.666519,21.058,5.00,-481.00,-110.70,493.60
2026-01-30T11:24:22.794428,21.186,-21.30,-439.00,28.40,440.43
2026-01-30T11:24:22.794428,21.186,-49.00,-405.90,-6.70,408.90
2026-01-30T11:24:22.794428,21.186,-35.50,-354.80,-7.90,356.66
2026-01-30T11:24:22.909928,21.301,-1.00,-343.60,-30.90,344.99
2026-01-30T11:24:22.909928,21.301,-11.50,-363.10,56.30,367.62
2026-01-30T11:24:23.026223,21.417,-73.10,-351.10,56.30,363.02
2026-01-30T11:24:23.026223,21.417,-34.80,-356.30,-22.40,358.70
2026-01-30T11:24:23.132325,21.523,4.30,-402.90,-86.50,412.10
2026-01-30T11:24:23.132325,21.523,53.10,-440.50,-38.10,445.32
2026-01-30T11:24:23.237479,21.629,27.60,-507.30,-124.00,522.96
2026-01-30T11:24:23.238480,21.630,131.20,-546.40,-254.70,616.96
2026-01-30T11:24:23.238480,21.630,391.80,-710.80,-374.50,893.86
2026-01-30T11:24:23.344372,21.735,702.70,-968.40,-266.80,1225.87
2026-01-30T11:24:23.344372,21.735,1027.10,-1126.10,-43.00,1524.76
2026-01-30T11:24:23.449712,21.841,1419.90,-1162.20,277.70,1855.79
2026-01-30T11:24:23.449712,21.841,1433.40,-1070.60,808.90,1963.45
2026-01-30T11:24:23.555222,21.946,1244.20,-887.30,1084.80,1874.07
2026-01-30T11:24:23.555222,21.946,1122.50,-830.20,1024.30,1731.60
2026-01-30T11:24:23.661893,22.053,1116.50,-890.30,1000.10,1743.39
2026-01-30T11:24:23.661893,22.053,1213.40,-946.60,955.30,1811.35
2026-01-30T11:24:23.776320,22.167,1516.80,-1040.50,912.90,2053.46
2026-01-30T11:24:23.776320,22.167,1841.20,-1172.70,1158.60,2471.36
2026-01-30T11:24:23.884128,22.275,2182.20,-1220.80,1354.60,2843.82
2026-01-30T11:24:23.884128,22.275,2605.70,-1256.00,1589.30,3300.47
2026-01-30T11:24:23.989931,22.381,3122.40,-1354.40,1888.20,3892.18
2026-01-30T11:24:23.990443,22.382,3486.70,-1406.20,2296.00,4405.23
2026-01-30T11:24:23.990443,22.382,3804.30,-1470.10,2761.80,4925.59
2026-01-30T11:24:24.099848,22.491,4061.90,-1690.10,3241.00,5464.39
2026-01-30T11:24:24.099848,22.491,4021.40,-1879.40,3692.30,5773.81
2026-01-30T11:24:24.213015,22.604,3818.60,-2092.70,3990.00,5906.03
2026-01-30T11:24:24.213015,22.604,3438.60,-2139.20,4126.70,5781.85
2026-01-30T11:24:24.321066,22.712,2730.40,-2063.40,4009.30,5271.36
2026-01-30T11:24:24.321066,22.712,2185.20,-2080.60,3899.20,4930.29
2026-01-30T11:24:24.438453,22.830,1434.20,-2013.10,3464.80,4256.09
2026-01-30T11:24:24.440171,22.831,804.80,-1618.80,2832.00,3359.83
2026-01-30T11:24:24.440171,22.831,596.10,-1432.50,2366.20,2829.54
2026-01-30T11:24:24.546271,22.937,471.40,-1268.80,1994.70,2410.58
2026-01-30T11:24:24.546271,22.937,549.50,-1164.40,1755.10,2176.73
2026-01-30T11:24:24.651942,23.043,738.80,-1162.90,1442.90,1995.02
2026-01-30T11:24:24.651942,23.043,766.50,-1110.40,1344.90,1905.06
2026-01-30T11:24:24.758113,23.149,776.30,-903.80,1245.70,1723.74
2026-01-30T11:24:24.758113,23.149,776.30,-733.40,1081.10,1519.64
2026-01-30T11:24:24.868941,23.260,837.90,-707.10,1003.70,1486.43
2026-01-30T11:24:24.868941,23.260,864.20,-747.60,986.80,1509.81
2026-01-30T11:24:24.976251,23.367,771.80,-635.00,818.60,1291.90
2026-01-30T11:24:24.976251,23.367,834.10,-633.50,641.90,1228.45
2026-01-30T11:24:25.083176,23.474,793.60,-629.70,547.50,1151.56
2026-01-30T11:24:25.083176,23.474,701.20,-593.70,409.60,1005.95
2026-01-30T11:24:25.192363,23.583,641.90,-560.60,245.00,886.75
2026-01-30T11:24:25.192363,23.583,516.50,-508.80,153.10,741.01
2026-01-30T11:24:25.192363,23.583,471.40,-417.90,47.80,631.78
2026-01-30T11:24:25.298497,23.690,334.70,-376.60,27.20,504.57
2026-01-30T11:24:25.298497,23.690,221.30,-283.50,-67.20,365.87
2026-01-30T11:24:25.405275,23.796,243.80,-242.20,-5.40,343.70
2026-01-30T11:24:25.405275,23.796,162.00,-225.70,23.60,278.82
2026-01-30T11:24:25.510651,23.902,141.70,-214.40,-49.00,261.62
2026-01-30T11:24:25.510651,23.902,182.30,-269.20,-63.50,331.26
2026-01-30T11:24:25.618824,24.010,201.00,-319.60,-26.00,378.45
2026-01-30T11:24:25.618824,24.010,274.60,-283.50,-132.50,416.33
2026-01-30T11:24:25.725663,24.117,439.10,-420.20,-70.80,611.87
2026-01-30T11:24:25.725663,24.117,584.80,-520.10,52.60,784.39
2026-01-30T11:24:25.835418,24.227,802.60,-628.20,220.80,1042.86
2026-01-30T11:24:25.835418,24.227,1031.60,-719.10,464.00,1340.37
2026-01-30T11:24:25.943462,24.335,1036.20,-725.10,831.90,1513.78
2026-01-30T11:24:25.944461,24.336,1047.40,-709.30,902.10,1553.69
2026-01-30T11:24:25.944461,24.336,1154.80,-1021.00,949.20,1810.24
2026-01-30T11:24:26.064297,24.455,1125.50,-1399.50,1136.80,2125.48
2026-01-30T11:24:26.064297,24.455,923.50,-1694.60,1223.90,2285.27
2026-01-30T11:24:26.171944,24.563,605.80,-1614.30,1432.00,2241.33
2026-01-30T11:24:26.171944,24.563,313.70,-1021.70,1449.00,1800.52
2026-01-30T11:24:26.278148,24.669,371.50,-577.10,1343.70,1508.84
2026-01-30T11:24:26.278148,24.669,592.30,-356.30,1415.10,1574.89
2026-01-30T11:24:26.386297,24.777,596.80,-279.00,1577.20,1709.26
2026-01-30T11:24:26.386297,24.777,659.90,-202.40,1661.90,1799.54
2026-01-30T11:24:26.386297,24.777,724.50,-217.40,1691.00,1852.47
2026-01-30T11:24:26.493186,24.884,771.10,-324.10,1825.30,2007.82
2026-01-30T11:24:26.493186,24.884,744.00,-363.10,1648.60,1844.79
2026-01-30T11:24:26.602146,24.993,673.40,-582.40,1311.00,1584.73
2026-01-30T11:24:26.602146,24.993,645.60,-943.60,1219.10,1671.34
2026-01-30T11:24:26.710695,25.102,662.20,-1057.80,1061.80,1638.56
2026-01-30T11:24:26.710695,25.102,769.50,-943.60,998.90,1574.90
2026-01-30T11:24:26.818367,25.209,934.80,-809.20,972.20,1572.84
2026-01-30T11:24:26.818367,25.209,1021.10,-806.20,842.80,1550.13
2026-01-30T11:24:26.927626,25.319,885.20,-754.40,520.90,1274.38
2026-01-30T11:24:26.928626,25.320,686.20,-638.70,199.00,958.34
2026-01-30T11:24:27.037644,25.429,449.60,-490.80,56.30,667.98
2026-01-30T11:24:27.037644,25.429,350.50,-399.90,12.70,531.91
2026-01-30T11:24:27.037644,25.429,235.60,-309.80,86.50,398.70
2026-01-30T11:24:27.145384,25.536,98.90,-292.50,118.00,330.55
2026-01-30T11:24:27.145384,25.536,59.90,-211.40,91.40,237.97
2026-01-30T11:24:27.252672,25.644,93.60,-197.90,103.50,242.15
2026-01-30T11:24:27.253179,25.644,78.60,-254.20,130.10,296.18
2026-01-30T11:24:27.360476,25.752,101.20,-200.10,170.00,281.39
2026-01-30T11:24:27.361477,25.753,83.10,-208.40,145.80,267.57
2026-01-30T11:24:27.470556,25.862,90.60,-182.90,197.80,284.23
2026-01-30T11:24:27.470556,25.862,89.10,-221.90,144.60,279.44
2026-01-30T11:24:27.578879,25.970,200.30,-252.70,208.70,384.10
2026-01-30T11:24:27.578879,25.970,315.90,-379.60,341.80,600.60
2026-01-30T11:24:27.698777,26.090,404.60,-450.20,460.40,760.49
2026-01-30T11:24:27.698777,26.090,505.90,-454.00,633.40,929.11
2026-01-30T11:24:27.699777,26.091,718.50,-591.40,846.40,1257.93
2026-01-30T11:24:27.806611,26.198,883.00,-624.50,1098.10,1541.27
2026-01-30T11:24:27.806611,26.198,892.00,-528.30,1230.00,1608.62
2026-01-30T11:24:27.912401,26.304,868.70,-460.00,1134.40,1501.03
2026-01-30T11:24:27.913401,26.305,870.20,-430.70,867.00,1301.71
2026-01-30T11:24:28.018676,26.410,937.00,-606.40,493.10,1220.18
2026-01-30T11:24:28.018676,26.410,1116.50,-839.20,156.70,1405.48
2026-01-30T11:24:28.125654,26.517,1255.40,-1040.50,-232.90,1647.09
2026-01-30T11:24:28.125654,26.517,1359.80,-1152.40,-692.70,1912.31
2026-01-30T11:24:28.232330,26.623,1434.90,-1221.50,-977.10,2122.67
2026-01-30T11:24:28.232330,26.623,1639.20,-1430.30,-990.40,2390.32
2026-01-30T11:24:28.337601,26.729,1674.50,-1346.20,-466.50,2198.60
2026-01-30T11:24:28.338602,26.730,1577.60,-1164.40,340.60,1990.14
2026-01-30T11:24:28.338602,26.730,1382.40,-955.60,933.50,1922.40
2026-01-30T11:24:28.444261,26.835,1114.30,-719.10,1248.10,1821.13
2026-01-30T11:24:28.444261,26.835,807.90,-501.30,1122.30,1470.90
2026-01-30T11:24:28.550749,26.942,603.60,-402.20,949.20,1194.60
2026-01-30T11:24:28.550749,26.942,510.50,-392.40,802.80,1029.11
2026-01-30T11:24:28.657128,27.048,376.00,-390.90,724.20,904.79
2026-01-30T11:24:28.657128,27.048,334.00,-315.80,591.10,748.79
2026-01-30T11:24:28.762124,27.153,391.00,-381.10,597.10,809.10
2026-01-30T11:24:28.762124,27.153,370.00,-402.90,616.50,824.20
2026-01-30T11:24:28.868916,27.260,388.00,-381.90,558.40,779.87
2026-01-30T11:24:28.868916,27.260,421.10,-473.50,522.10,821.05
2026-01-30T11:24:28.975230,27.366,396.30,-505.00,568.10,857.21
2026-01-30T11:24:28.975230,27.366,371.50,-420.20,533.00,773.74
2026-01-30T11:24:29.081722,27.473,382.00,-438.20,441.00,729.67
2026-01-30T11:24:29.081722,27.473,387.30,-501.30,504.00,809.52
2026-01-30T11:24:29.189706,27.581,370.00,-469.00,476.10,763.89
2026-01-30T11:24:29.189706,27.581,353.50,-422.40,343.00,648.87
2026-01-30T11:24:29.189706,27.581,481.20,-468.20,372.10,767.61
2026-01-30T11:24:29.308202,27.699,469.90,-484.00,445.90,808.63
2026-01-30T11:24:29.308202,27.699,482.70,-423.20,443.50,780.25
2026-01-30T11:24:29.413329,27.804,530.00,-391.60,402.30,772.07
2026-01-30T11:24:29.414329,27.805,644.90,-413.40,431.40,879.15
2026-01-30T11:24:29.518259,27.909,623.90,-457.70,612.90,987.11
2026-01-30T11:24:29.519764,27.911,669.70,-408.20,641.90,1013.49
2026-01-30T11:24:29.624924,28.016,762.00,-433.00,655.20,1094.27
2026-01-30T11:24:29.624924,28.016,702.00,-523.80,742.30,1148.12
2026-01-30T11:24:29.730352,28.121,662.90,-460.70,824.60,1153.97
2026-01-30T11:24:29.731356,28.122,638.90,-448.00,744.80,1078.71
2026-01-30T11:24:29.836644,28.228,736.50,-464.50,830.70,1203.43
2026-01-30T11:24:29.836644,28.228,738.00,-516.30,863.30,1247.60
2026-01-30T11:24:29.836644,28.228,680.20,-511.10,1026.70,1333.42
2026-01-30T11:24:29.944176,28.335,689.20,-554.60,1101.70,1412.91
2026-01-30T11:24:29.944176,28.335,685.40,-560.60,1150.10,1451.47
2026-01-30T11:24:30.051232,28.442,645.60,-506.50,1282.00,1522.13
2026-01-30T11:24:30.051232,28.442,680.90,-488.50,1280.80,1530.59
2026-01-30T11:24:30.158209,28.549,668.20,-507.30,1300.10,1547.29
2026-01-30T11:24:30.159715,28.551,619.30,-481.80,1355.80,1566.48
2026-01-30T11:24:30.264367,28.655,587.10,-429.20,1343.70,1527.88
2026-01-30T11:24:30.265367,28.656,668.20,-483.30,1341.30,1574.53
2026-01-30T11:24:30.371101,28.762,658.40,-484.80,1390.90,1613.42
2026-01-30T11:24:30.372100,28.763,684.70,-465.20,1361.90,1593.74
2026-01-30T11:24:30.479584,28.871,710.20,-466.00,1331.60,1579.46
2026-01-30T11:24:30.479584,28.871,650.10,-493.00,1352.20,1579.28
2026-01-30T11:24:30.588214,28.979,670.40,-481.80,1342.50,1576.03
2026-01-30T11:24:30.588214,28.979,729.00,-464.50,1355.80,1607.92
2026-01-30T11:24:30.588214,28.979,729.70,-419.40,1487.70,1709.27
2026-01-30T11:24:30.696398,29.088,2107.10,19.90,4901.10,5334.89
2026-01-30T11:24:30.696398,29.088,624.60,-176.90,1444.10,1583.30
2026-01-30T11:24:30.805204,29.196,2324.90,368.40,4584.10,5153.14
2026-01-30T11:24:30.805204,29.196,951.30,-7.10,1289.30,1602.28
2026-01-30T11:24:30.928067,29.319,4002.60,131.00,4199.30,5802.77
2026-01-30T11:24:30.928067,29.319,2493.10,-631.20,1664.40,3063.36
2026-01-30T11:24:31.037065,29.428,7844.70,-502.80,6805.60,10397.51
2026-01-30T11:24:31.038065,29.429,5219.20,-212.20,4409.80,6836.04
2026-01-30T11:24:31.038065,29.429,14319.80,-391.60,17076.10,22289.08
2026-01-30T11:24:31.148283,29.539,8239.00,-741.60,12635.40,15102.46
2026-01-30T11:24:31.148283,29.539,17866.80,-851.30,-37940.20,41945.27
2026-01-30T11:24:31.255819,29.647,5518.90,89.70,23647.60,24283.23
2026-01-30T11:24:31.255819,29.647,2359.40,3856.00,-22002.00,22461.60
2026-01-30T11:24:31.361117,29.752,-3970.00,153.60,27637.00,27921.11
2026-01-30T11:24:31.362116,29.753,-23891.00,3061.50,-16160.20,29005.25
2026-01-30T11:24:31.468286,29.859,-23609.40,3549.60,28459.80,37147.86
2026-01-30T11:24:31.468286,29.859,-1870.20,6615.20,-41149.10,41719.38
2026-01-30T11:24:31.575585,29.967,-22835.10,51.40,8792.50,24469.42
2026-01-30T11:24:31.575585,29.967,15008.50,-3268.00,8589.20,17598.56
2026-01-30T11:24:31.682205,30.073,-13307.90,-2966.80,-65.90,13634.75
2026-01-30T11:24:31.683205,30.074,-20712.10,-6624.90,443.50,21750.34
2026-01-30T11:24:31.789640,30.181,-9600.30,-3755.40,185.70,10310.35
2026-01-30T11:24:31.789640,30.181,-17560.90,-7225.70,2870.70,19205.13
2026-01-30T11:24:31.789640,30.181,-8581.20,-4046.00,1399.40,9589.86
2026-01-30T11:24:31.896177,30.287,-16332.20,-7719.90,8127.00,19808.73
2026-01-30T11:24:31.896177,30.287,-9503.40,-4125.60,4901.10,11461.06
2026-01-30T11:24:32.003045,30.394,-21640.30,-7182.20,15512.80,27577.77
2026-01-30T11:24:32.004045,30.395,-14170.80,-2562.00,10559.10,17856.93
2026-01-30T11:24:32.111057,30.502,14300.30,1838.80,32561.70,35611.01
2026-01-30T11:24:32.111057,30.502,-22868.20,5129.70,20012.80,30818.51
2026-01-30T11:24:32.219663,30.611,-2585.20,20373.50,-28248.10,34924.46
2026-01-30T11:24:32.220170,30.611,23222.20,12480.50,24115.90,35729.68
2026-01-30T11:24:32.326728,30.718,4004.10,-20712.20,-36539.00,42191.55
2026-01-30T11:24:32.326728,30.718,-21534.40,14607.30,16511.10,30817.53
2026-01-30T11:24:32.433578,30.825,6159.50,-18127.30,31325.10,36712.40
2026-01-30T11:24:32.433578,30.825,-24284.60,16481.10,18047.80,34454.19
2026-01-30T11:24:32.555694,30.947,-7312.00,-13429.00,-33847.90,37141.40
2026-01-30T11:24:32.555694,30.947,14228.20,21043.40,27923.80,37749.24
2026-01-30T11:24:32.555694,30.947,19917.80,-7342.90,-13624.00,25224.00
2026-01-30T11:24:32.663038,31.054,9771.00,20331.40,35368.90,41949.94
2026-01-30T11:24:32.663038,31.054,14261.30,-7333.90,-8450.00,18126.59
2026-01-30T11:24:32.769769,31.161,1798.40,23844.60,37765.90,44699.69
2026-01-30T11:24:32.769769,31.161,5218.50,17645.10,9116.70,20535.25
2026-01-30T11:24:32.877159,31.268,-244.30,155.10,-26806.90,26808.46
2026-01-30T11:24:32.878159,31.269,-2827.00,-16732.70,-28932.90,33542.33
2026-01-30T11:24:32.988360,31.379,1911.10,15713.50,-14030.60,21152.40
2026-01-30T11:24:32.989360,31.380,20185.20,22759.40,-36935.90,47850.74
2026-01-30T11:24:32.989360,31.380,19543.00,-1259.80,-23658.50,30712.22
2026-01-30T11:24:33.097541,31.489,-1147.00,24006.10,29328.60,37918.01
2026-01-30T11:24:33.098540,31.490,20336.90,-18824.20,-15833.50,31916.14
2026-01-30T11:24:33.207197,31.598,4367.60,-16600.50,-39322.00,42905.39
2026-01-30T11:24:33.207197,31.598,-9046.80,4390.00,28263.80,29999.32
2026-01-30T11:24:33.315046,31.706,-3788.30,4389.20,25149.20,25808.89
2026-01-30T11:24:33.315046,31.706,-779.80,1162.20,5581.10,5753.91
2026-01-30T11:24:33.422710,31.814,165.00,2116.70,7923.70,8203.21
2026-01-30T11:24:33.422710,31.814,-245.10,588.40,1943.90,2045.74
2026-01-30T11:24:33.530012,31.921,502.90,1443.80,4315.50,4578.32
2026-01-30T11:24:33.530012,31.921,-128.60,315.00,985.50,1042.58
2026-01-30T11:24:33.637020,32.028,702.70,976.70,3243.40,3459.39
2026-01-30T11:24:33.638020,32.029,-172.20,210.70,622.50,679.38
2026-01-30T11:24:33.638020,32.029,563.00,982.70,2771.50,2993.97
2026-01-30T11:24:33.744323,32.135,-124.90,191.10,484.60,535.68
2026-01-30T11:24:33.744323,32.135,680.20,837.00,2582.70,2798.85
2026-01-30T11:24:33.852061,32.243,-150.40,131.00,392.60,440.36
2026-01-30T11:24:33.852061,32.243,590.10,913.60,2297.20,2541.66
2026-01-30T11:24:33.958711,32.350,-139.90,137.10,303.10,360.89
2026-01-30T11:24:33.959711,32.351,645.60,776.90,2348.00,2556.07
2026-01-30T11:24:34.070717,32.462,-173.00,148.30,295.80,373.39
2026-01-30T11:24:34.071717,32.463,717.70,838.50,2077.00,2352.04
2026-01-30T11:24:34.193546,32.585,-112.90,86.70,305.50,337.04
2026-01-30T11:24:34.193546,32.585,525.50,794.90,2287.50,2478.04
2026-01-30T11:24:34.193546,32.585,-157.20,128.80,197.80,283.59
2026-01-30T11:24:34.303552,32.695,617.10,841.50,2047.90,2298.44
2026-01-30T11:24:34.303552,32.695,-150.40,110.00,199.00,272.62
2026-01-30T11:24:34.410219,32.801,657.70,709.30,2333.50,2526.04
2026-01-30T11:24:34.411222,32.802,-157.20,105.50,337.00,386.54
2026-01-30T11:24:34.518246,32.909,560.00,813.00,2200.40,2411.71
2026-01-30T11:24:34.518246,32.909,-118.10,170.10,297.10,362.15
2026-01-30T11:24:34.626062,33.017,725.20,802.40,2536.80,2757.74
2026-01-30T11:24:34.626062,33.017,-139.20,166.30,523.30,566.46
2026-01-30T11:24:34.733227,33.124,749.30,1051.80,2561.00,2868.18
2026-01-30T11:24:34.733227,33.124,-1.00,207.70,585.00,620.78
2026-01-30T11:24:34.839502,33.231,1013.60,1084.80,3074.00,3413.74
2026-01-30T11:24:34.839502,33.231,26.80,303.00,741.10,801.10
2026-01-30T11:24:34.839502,33.231,1027.10,1290.60,3175.60,3578.41
2026-01-30T11:24:34.947721,33.339,136.50,324.10,810.10,883.14
2026-01-30T11:24:34.947721,33.339,1165.30,1275.60,3652.40,4040.43
2026-01-30T11:24:35.056055,33.447,159.70,388.60,996.40,1081.35
2026-01-30T11:24:35.056055,33.447,1339.60,1265.10,3693.50,4127.58
2026-01-30T11:24:35.166993,33.558,140.20,400.70,1138.00,1214.60
2026-01-30T11:24:35.166993,33.558,1160.80,1437.80,3816.90,4240.69
2026-01-30T11:24:35.274676,33.666,176.30,390.90,1055.70,1139.47
2026-01-30T11:24:35.274676,33.666,1225.40,1317.60,4061.40,4442.14
2026-01-30T11:24:35.385037,33.776,190.50,462.20,1163.40,1266.26
2026-01-30T11:24:35.385037,33.776,1468.70,1403.20,4107.30,4582.14
2026-01-30T11:24:35.497014,33.888,259.60,423.20,1223.90,1320.77
2026-01-30T11:24:35.497014,33.888,1386.10,1475.30,4293.70,4746.96
2026-01-30T11:24:35.498014,33.889,320.50,446.50,1297.70,1409.29
2026-01-30T11:24:35.610296,34.001,1531.80,1421.30,4501.80,4963.13
2026-01-30T11:24:35.610296,34.001,318.20,454.70,1346.10,1456.02
2026-01-30T11:24:35.720489,34.112,1597.90,1383.70,4559.90,5025.99
2026-01-30T11:24:35.720489,34.112,304.70,473.50,1474.40,1578.26
2026-01-30T11:24:35.845471,34.237,1637.00,1583.50,4576.80,5112.18
2026-01-30T11:24:35.845471,34.237,373.00,491.50,1530.00,1649.73
2026-01-30T11:24:35.845471,34.237,1764.60,1520.40,4908.40,5433.03
2026-01-30T11:24:35.955272,34.346,462.40,506.50,1624.40,1763.24
2026-01-30T11:24:35.956275,34.347,2126.60,1559.50,4944.70,5603.97
2026-01-30T11:24:36.067107,34.458,807.10,519.30,1796.20,2036.52
2026-01-30T11:24:36.068107,34.459,2934.70,1582.00,5619.80,6534.32
2026-01-30T11:24:36.179973,34.571,1288.50,512.60,2142.30,2551.95
2026-01-30T11:24:36.179973,34.571,4188.90,1491.90,6839.50,8157.90
2026-01-30T11:24:36.290593,34.682,1944.10,339.10,3025.60,3612.31
2026-01-30T11:24:36.290593,34.682,4827.20,1075.80,7969.70,9379.52
2026-01-30T11:24:36.291592,34.683,2045.50,131.00,3159.90,3766.46
2026-01-30T11:24:36.401033,34.792,5624.80,384.90,8436.70,10147.14
2026-01-30T11:24:36.401033,34.792,2562.90,-344.30,3491.50,4344.83
2026-01-30T11:24:36.511657,34.903,6546.20,-767.10,9155.50,11281.15
2026-01-30T11:24:36.511657,34.903,3206.50,-1132.90,4130.30,5350.19
2026-01-30T11:24:36.622183,35.013,7910.10,-2731.80,11137.40,13931.05
2026-01-30T11:24:36.622183,35.013,3501.70,-1971.00,5150.40,6532.49
2026-01-30T11:24:36.732796,35.124,8377.20,-3846.20,12761.30,15742.35
2026-01-30T11:24:36.732796,35.124,3804.30,-2378.00,5861.80,7381.62
2026-01-30T11:24:36.843095,35.234,8656.60,-4699.40,14319.70,17380.30
2026-01-30T11:24:36.843095,35.234,4083.00,-3002.90,6662.90,8371.53
2026-01-30T11:24:36.844095,35.235,9679.40,-5812.40,15028.80,18797.33
2026-01-30T11:24:36.954606,35.346,4852.00,-3373.90,6919.40,9099.63
2026-01-30T11:24:36.954606,35.346,11142.40,-6356.10,16236.40,20692.36
2026-01-30T11:24:37.065960,35.457,5129.90,-3243.20,7292.10,9487.30
2026-01-30T11:24:37.065960,35.457,11205.40,-5493.90,15701.60,20057.02
2026-01-30T11:24:37.179999,35.571,5171.90,-2910.50,6992.00,9171.02
2026-01-30T11:24:37.179999,35.571,11406.70,-5189.00,15057.80,19590.20
2026-01-30T11:24:37.291690,35.683,5220.00,-2702.50,6773.00,8968.02
2026-01-30T11:24:37.291690,35.683,11348.10,-4474.10,15178.80,19472.88
2026-01-30T11:24:37.291690,35.683,5108.80,-2469.70,6745.10,8814.51
2026-01-30T11:24:37.416572,35.808,11358.70,-4199.20,15074.80,19336.57
2026-01-30T11:24:37.416572,35.808,5202.70,-2339.70,6516.50,8660.66
2026-01-30T11:24:37.527683,35.919,11140.90,-3982.90,14196.30,18480.21
2026-01-30T11:24:37.527683,35.919,4905.30,-2004.00,6101.40,8081.15
2026-01-30T11:24:37.641024,36.032,10726.30,-2958.60,13528.40,17516.40
2026-01-30T11:24:37.641024,36.032,4761.90,-1494.10,5634.40,7526.92
2026-01-30T11:24:37.641024,36.032,10356.80,-1794.50,12715.30,16497.34
2026-01-30T11:24:37.751438,36.143,4644.00,-1039.80,5244.70,7082.01
2026-01-30T11:24:37.751438,36.143,9837.10,-1159.20,12146.60,15673.29
2026-01-30T11:24:37.859581,36.251,4190.40,-794.20,5183.00,6712.20
2026-01-30T11:24:37.859581,36.251,8055.80,-636.50,12683.80,15039.28
2026-01-30T11:24:37.967241,36.358,2789.00,-283.50,5295.60,5991.85
2026-01-30T11:24:37.967241,36.358,5656.30,324.80,11229.40,12577.70
2026-01-30T11:24:38.076115,36.467,1847.20,-21.40,4586.50,4944.55
2026-01-30T11:24:38.076115,36.467,3772.80,769.40,10493.70,11177.82
2026-01-30T11:24:38.185460,36.577,1098.50,140.80,4141.20,4286.73
2026-01-30T11:24:38.185460,36.577,2087.60,1056.30,9310.30,9599.77
2026-01-30T11:24:38.186460,36.578,441.40,189.60,3750.40,3781.04
2026-01-30T11:24:38.293557,36.685,2222.70,685.30,9520.90,9800.90
2026-01-30T11:24:38.294557,36.686,1314.80,-137.80,4349.30,4545.78
2026-01-30T11:24:38.403131,36.794,6276.60,-206.90,10963.20,12634.49
2026-01-30T11:24:38.403131,36.794,4322.50,-712.30,4010.50,5939.32
2026-01-30T11:24:38.511642,36.903,11797.20,-1489.60,7485.70,14050.93
2026-01-30T11:24:38.511642,36.903,6444.90,-1358.90,2266.90,6965.79
2026-01-30T11:24:38.619551,37.011,15924.70,-2910.50,5419.00,17071.40
2026-01-30T11:24:38.620058,37.011,8596.50,-2461.40,2006.80,9164.36
2026-01-30T11:24:38.726930,37.118,20143.80,-6010.60,7183.20,22214.82
2026-01-30T11:24:38.726930,37.118,11297.80,-4299.90,4493.30,12896.48
2026-01-30T11:24:38.835052,37.226,-23507.30,-9783.70,14140.70,29125.13
2026-01-30T11:24:38.835052,37.226,13366.80,-5699.00,7801.50,16492.83
2026-01-30T11:24:38.959434,37.351,-17243.90,-13909.60,18762.90,29032.32
2026-01-30T11:24:38.959434,37.351,18426.30,-9003.40,8928.00,22367.36
2026-01-30T11:24:38.959941,37.351,-5158.80,-23142.40,18165.10,29868.96
2026-01-30T11:24:39.074106,37.465,-23940.60,-16356.40,6754.80,29770.98
2026-01-30T11:24:39.075107,37.466,7088.50,4749.70,9990.40,13138.29
2026-01-30T11:24:39.183006,37.574,-21547.20,21713.30,4723.20,30952.51
2026-01-30T11:24:39.183006,37.574,3953.00,-9728.10,18257.10,21061.43
2026-01-30T11:24:39.291517,37.683,-23571.90,18459.20,15632.60,33775.06
2026-01-30T11:24:39.291517,37.683,451.90,-5354.30,-26600.00,27137.29
2026-01-30T11:24:39.291517,37.683,21929.00,-19109.60,32725.10,43783.44
2026-01-30T11:24:39.401531,37.793,-7873.00,-22642.30,-4534.50,24397.12
2026-01-30T11:24:39.401531,37.793,18264.80,-4589.00,35771.80,40426.27
2026-01-30T11:24:39.510320,37.901,-14233.20,7128.90,-14538.80,21558.80
2026-01-30T11:24:39.511320,37.902,14619.50,8401.80,26179.00,31139.37
2026-01-30T11:24:39.621618,38.013,22405.10,22048.20,-30220.40,43604.86
2026-01-30T11:24:39.621618,38.013,5515.10,12160.60,24455.90,27863.73
2026-01-30T11:24:39.731703,38.123,-213.50,22094.80,-32071.70,38946.37
2026-01-30T11:24:39.732703,38.124,-4012.10,8764.50,21747.90,23788.33
2026-01-30T11:24:39.841469,38.233,-11854.00,10957.50,-34680.40,38253.29
2026-01-30T11:24:39.841469,38.233,-7525.20,1434.80,18766.50,20269.90
2026-01-30T11:24:39.841469,38.233,-13756.30,-2538.00,31835.70,34773.40
2026-01-30T11:24:39.953634,38.345,-6530.90,-2818.10,11597.20,13604.76
2026-01-30T11:24:39.953634,38.345,-9495.10,-5614.10,19822.80,22685.20
2026-01-30T11:24:40.067038,38.458,-4265.90,-2997.60,7944.30,9502.39
2026-01-30T11:24:40.067038,38.458,-6507.60,-5381.30,17579.50,19502.46
2026-01-30T11:24:40.175616,38.567,-3083.10,-3390.40,8585.60,9732.05
2026-01-30T11:24:40.176616,38.568,-4404.80,-8516.00,20962.60,23051.14
2026-01-30T11:24:40.290523,38.682,-2174.40,-6419.90,11592.40,13428.58
2026-01-30T11:24:40.290523,38.682,-980.30,-17484.40,30768.50,35402.91
2026-01-30T11:24:40.290523,38.682,413.60,-11900.00,18727.80,22192.60
2026-01-30T11:24:40.399492,38.791,3733.00,-24241.90,-33518.80,41534.50
2026-01-30T11:24:40.399492,38.791,2581.00,-10821.50,23952.60,26410.10
2026-01-30T11:24:40.511524,38.903,9279.90,-14277.60,-26527.40,31522.52
2026-01-30T11:24:40.511524,38.903,5051.80,-2952.60,24607.20,25293.34
2026-01-30T11:24:40.637940,39.029,11041.00,1684.10,-31924.00,33821.32
2026-01-30T11:24:40.637940,39.029,5527.10,3430.20,20545.20,21550.41
2026-01-30T11:24:40.637940,39.029,13998.40,11552.30,36607.90,40860.12
2026-01-30T11:24:40.749894,39.141,8455.30,5626.10,19054.50,21592.11
2026-01-30T11:24:40.750896,39.142,17070.00,5931.80,-33412.30,37986.22
2026-01-30T11:24:40.863644,39.255,3952.30,-2541.00,23112.80,23585.57
2026-01-30T11:24:40.863644,39.255,-1104.90,-12240.90,37329.10,39300.41
2026-01-30T11:24:40.975668,39.367,-3707.90,-6961.40,11315.30,13792.96
2026-01-30T11:24:40.976668,39.368,-7496.00,-11761.80,15050.60,20519.52
2026-01-30T11:24:41.089881,39.481,-3669.60,-4902.90,4847.90,7810.67
2026-01-30T11:24:41.089881,39.481,-5677.00,-8139.00,11246.30,14998.36
2026-01-30T11:24:41.090888,39.482,-2885.60,-4293.80,4994.30,7190.72
2026-01-30T11:24:41.202674,39.594,-2376.40,-4371.20,4800.70,6913.85
2026-01-30T11:24:41.202674,39.594,-2190.10,-4079.80,4355.40,6356.95
2026-01-30T11:24:41.316593,39.708,-1908.50,-3500.80,3670.50,5419.46
2026-01-30T11:24:41.317593,39.709,-1696.00,-2668.70,3330.50,4592.45
2026-01-30T11:24:41.428416,39.820,-1608.10,-2022.10,2977.20,3941.90
2026-01-30T11:24:41.428416,39.820,-1445.90,-1868.90,2844.10,3697.61
2026-01-30T11:24:41.540954,39.932,-1488.00,-2144.50,3144.20,4086.44
2026-01-30T11:24:41.540954,39.932,-1532.30,-2845.90,3877.40,5047.90
2026-01-30T11:24:41.540954,39.932,-1288.20,-3988.20,5368.20,6810.49
2026-01-30T11:24:41.651411,40.043,-468.80,-5397.10,7567.90,9307.07
2026-01-30T11:24:41.652916,40.044,1285.50,-6489.80,10290.40,12233.66
2026-01-30T11:24:41.764112,40.155,3618.80,-6195.40,12370.40,14300.54
2026-01-30T11:24:41.764112,40.155,5799.70,-5157.50,12434.60,14657.95
2026-01-30T11:24:41.878059,40.269,7082.50,-4175.90,11193.10,13888.32
2026-01-30T11:24:41.878059,40.269,7268.70,-3277.00,9948.00,12748.94
2026-01-30T11:24:41.990021,40.381,7517.30,-2933.00,9640.70,12572.01
2026-01-30T11:24:41.990021,40.381,7077.20,-2738.50,9693.90,12310.88
2026-01-30T11:24:41.990021,40.381,5774.20,-2239.90,9853.60,11638.38
2026-01-30T11:24:42.101123,40.492,3217.80,-1396.50,9000.60,9659.98
2026-01-30T11:24:42.102128,40.493,1171.30,-370.60,6834.70,6944.24
2026-01-30T11:24:42.230872,40.622,171.00,191.10,4581.70,4588.87
2026-01-30T11:24:42.230872,40.622,-200.00,326.30,3218.00,3240.68
2026-01-30T11:24:42.343406,40.735,-313.40,479.50,2367.40,2435.72
2026-01-30T11:24:42.344406,40.736,-210.50,469.00,1740.60,1814.93
2026-01-30T11:24:42.344406,40.736,-195.50,402.20,1404.20,1473.69
2026-01-30T11:24:42.456864,40.848,-195.50,426.90,1210.60,1298.47
2026-01-30T11:24:42.456864,40.848,-156.40,429.20,956.50,1059.98
2026-01-30T11:24:42.568354,40.959,-130.10,366.10,851.20,935.68
2026-01-30T11:24:42.568354,40.959,-160.20,354.80,791.90,882.41
2026-01-30T11:24:42.679883,41.071,-77.60,315.00,662.50,737.67
2026-01-30T11:24:42.679883,41.071,-59.60,239.90,609.20,657.44
2026-01-30T11:24:42.790734,41.182,-97.10,221.20,614.10,659.91
2026-01-30T11:24:42.790734,41.182,-43.80,204.60,474.90,518.95
2026-01-30T11:24:42.791733,41.183,9.50,102.50,506.40,516.76
2026-01-30T11:24:42.898068,41.289,15.50,68.00,395.10,401.21
2026-01-30T11:24:42.898068,41.289,59.90,31.20,200.30,211.38
2026-01-30T11:24:43.007009,41.398,77.10,-34.20,172.40,191.93
2026-01-30T11:24:43.008009,41.399,20.10,-4.90,73.20,76.07
2026-01-30T11:24:43.115504,41.507,68.10,33.40,-35.70,83.83
2026-01-30T11:24:43.116504,41.508,37.30,-19.20,86.50,96.14
2026-01-30T11:24:43.226674,41.618,-36.30,37.90,40.50,66.29
2026-01-30T11:24:43.226674,41.618,-19.00,61.20,-17.50,66.43
2026-01-30T11:24:43.338977,41.730,-41.50,50.70,79.30,102.87
2026-01-30T11:24:43.339482,41.731,-71.60,112.30,28.40,136.18
2026-01-30T11:24:43.339482,41.731,-38.50,80.70,46.60,100.83
2026-01-30T11:24:43.447891,41.839,-4.70,68.70,122.80,140.79
2026-01-30T11:24:43.447891,41.839,-74.60,100.30,95.00,157.00
2026-01-30T11:24:43.556337,41.947,14.80,80.00,9.10,81.86
2026-01-30T11:24:43.556337,41.947,-31.80,82.20,59.90,106.56
2026-01-30T11:24:43.663529,42.055,-64.80,76.20,132.50,166.02
2026-01-30T11:24:43.664529,42.056,-25.80,101.00,15.10,105.33
2026-01-30T11:24:43.773037,42.164,-33.30,20.70,91.40,99.46
2026-01-30T11:24:43.773037,42.164,-66.30,102.50,145.80,190.16
2026-01-30T11:24:43.894594,42.286,-34.00,82.20,33.30,94.98
2026-01-30T11:24:43.894594,42.286,-15.20,56.70,79.30,98.66
2026-01-30T11:24:43.895595,42.287,-92.60,86.70,91.40,156.35
2026-01-30T11:24:44.002617,42.394,4.30,91.20,41.70,100.37
2026-01-30T11:24:44.002617,42.394,-31.80,35.70,91.40,103.15
2026-01-30T11:24:44.110862,42.502,-76.10,99.50,69.60,143.30
2026-01-30T11:24:44.110862,42.502,-51.30,79.20,41.70,103.17
2026-01-30T11:24:44.219550,42.611,-43.80,61.20,36.90,83.82
2026-01-30T11:24:44.219550,42.611,-2.50,23.70,103.50,106.21
2026-01-30T11:24:44.328004,42.719,-87.30,89.00,96.20,157.47
2026-01-30T11:24:44.328004,42.719,-12.20,65.70,84.10,107.42
2026-01-30T11:24:44.436833,42.828,-5.50,57.50,125.20,137.88
2026-01-30T11:24:44.436833,42.828,-50.50,73.20,59.90,107.22
2026-01-30T11:24:44.436833,42.828,-4.70,46.20,7.90,47.11
2026-01-30T11:24:44.546346,42.937,-45.30,20.70,81.70,95.68
2026-01-30T11:24:44.546346,42.937,-79.80,28.90,145.80,168.70
2026-01-30T11:24:44.653338,43.044,-39.30,67.20,65.90,102.00
2026-01-30T11:24:44.654344,43.045,-51.30,-16.10,64.70,84.12
2026-01-30T11:24:44.762516,43.154,-66.30,62.00,108.30,141.31
2026-01-30T11:24:44.762516,43.154,-73.10,90.50,33.30,121.01
2026-01-30T11:24:44.870351,43.261,-6.20,48.40,32.10,58.41
2026-01-30T11:24:44.870351,43.261,-58.80,61.20,115.60,143.41
2026-01-30T11:24:44.980521,43.372,-72.30,70.20,-0.60,100.78
2026-01-30T11:24:44.981520,43.373,-46.80,23.70,17.50,55.30
2026-01-30T11:24:45.091846,43.483,-52.00,30.40,97.40,114.52
2026-01-30T11:24:45.092852,43.484,-94.90,57.50,17.50,112.33
2026-01-30T11:24:45.092852,43.484,-41.50,50.70,20.00,68.50
2026-01-30T11:24:45.203957,43.595,-58.10,42.40,103.50,126.04
2026-01-30T11:24:45.203957,43.595,-73.10,79.20,13.90,108.67
2026-01-30T11:24:45.316914,43.708,-10.00,33.40,16.30,38.49
2026-01-30T11:24:45.316914,43.708,-55.80,34.90,105.90,124.69
2026-01-30T11:24:45.427593,43.819,-70.80,106.30,16.30,128.76
2026-01-30T11:24:45.428593,43.820,8.80,28.90,16.30,34.33
2026-01-30T11:24:45.551788,43.943,-69.30,40.90,86.50,118.14
2026-01-30T11:24:45.552788,43.944,-53.50,46.20,-15.10,72.28
2026-01-30T11:24:45.552788,43.944,-19.00,57.50,73.20,95.00
2026-01-30T11:24:45.663003,44.054,-58.10,30.40,80.50,103.83
2026-01-30T11:24:45.663003,44.054,-47.50,85.20,30.90,102.32
2026-01-30T11:24:45.772833,44.164,-6.20,30.40,27.20,41.26
2026-01-30T11:24:45.773833,44.165,-93.30,45.40,15.10,104.85
2026-01-30T11:24:45.884386,44.276,-99.40,100.30,47.80,149.08
2026-01-30T11:24:45.884893,44.276,-53.50,18.40,64.70,85.95
2026-01-30T11:24:45.995820,44.387,-58.80,24.40,109.50,126.66
2026-01-30T11:24:45.995820,44.387,-76.80,86.70,43.00,123.55
2026-01-30T11:24:45.996820,44.388,-1.00,77.70,-5.40,77.89
2026-01-30T11:24:46.106482,44.498,-42.30,34.90,40.50,68.17
2026-01-30T11:24:46.106482,44.498,-61.10,62.00,84.10,121.04
2026-01-30T11:24:46.217975,44.609,8.80,129.50,23.60,131.93
2026-01-30T11:24:46.219480,44.611,-28.00,48.40,90.10,106.04
2026-01-30T11:24:46.331024,44.722,-72.30,78.50,103.50,148.67
2026-01-30T11:24:46.331024,44.722,-17.50,59.00,-36.90,71.76
2026-01-30T11:24:46.445307,44.836,-1.00,27.40,119.20,122.31
2026-01-30T11:24:46.445307,44.836,-67.10,96.50,157.90,196.84
2026-01-30T11:24:46.446306,44.837,-50.50,76.20,76.80,119.39
2026-01-30T11:24:46.557582,44.949,-43.80,28.20,75.60,91.81
2026-01-30T11:24:46.558582,44.950,-58.80,60.50,90.10,123.43
2026-01-30T11:24:46.667884,45.059,-43.80,74.70,33.30,92.78
2026-01-30T11:24:46.667884,45.059,-20.50,13.10,98.60,101.56
2026-01-30T11:24:46.779562,45.171,-61.10,63.50,108.30,139.62
2026-01-30T11:24:46.779562,45.171,2.80,101.00,41.70,109.31
2026-01-30T11:24:46.889907,45.281,-25.80,9.40,87.70,91.90
2026-01-30T11:24:46.889907,45.281,-49.00,60.50,118.00,141.37
2026-01-30T11:24:46.890910,45.282,-49.80,56.70,53.80,92.68
2026-01-30T11:24:47.001813,45.393,-31.80,34.20,116.80,125.79
2026-01-30T11:24:47.002814,45.394,-73.80,91.20,108.30,159.66
2026-01-30T11:24:47.127243,45.518,-47.50,92.00,34.50,109.14
2026-01-30T11:24:47.127243,45.518,-7.00,38.70,86.50,95.02
2026-01-30T11:24:47.239237,45.630,-79.10,49.20,116.80,149.40
2026-01-30T11:24:47.239237,45.630,-43.80,43.90,63.50,88.76
2026-01-30T11:24:47.239237,45.630,-20.50,49.20,15.10,55.40
2026-01-30T11:24:47.349778,45.741,-52.00,39.40,46.60,80.17
2026-01-30T11:24:47.349778,45.741,-67.10,59.70,63.50,109.99
2026-01-30T11:24:47.464825,45.856,2.00,18.40,44.20,47.92
2026-01-30T11:24:47.464825,45.856,-46.00,13.90,134.90,143.20
2026-01-30T11:24:47.576128,45.967,-55.80,83.70,28.40,104.53
2026-01-30T11:24:47.576128,45.967,-27.30,106.30,36.90,115.79
2026-01-30T11:24:47.687348,46.078,-18.20,23.70,109.50,113.50
2026-01-30T11:24:47.687348,46.078,-19.80,65.00,119.20,137.21
2026-01-30T11:24:47.688349,46.079,-94.10,62.00,159.10,194.97
2026-01-30T11:24:47.797979,46.189,-91.80,67.20,46.60,122.94
2026-01-30T11:24:47.797979,46.189,-7.70,76.20,38.10,85.54
2026-01-30T11:24:47.906565,46.298,1.30,58.20,132.50,144.72
2026-01-30T11:24:47.906565,46.298,-79.80,42.40,82.90,122.63
2026-01-30T11:24:48.019475,46.411,-76.80,55.20,46.60,105.44
2026-01-30T11:24:48.019475,46.411,-18.20,55.90,30.90,66.41
2026-01-30T11:24:48.127833,46.519,-24.30,39.40,61.10,76.66
2026-01-30T11:24:48.127833,46.519,-24.30,56.70,102.20,119.37
2026-01-30T11:24:48.238479,46.630,-47.50,74.00,26.00,91.70
2026-01-30T11:24:48.239478,46.631,-10.70,15.40,82.90,84.99
2026-01-30T11:24:48.239478,46.631,-66.30,84.50,56.30,121.27
2026-01-30T11:24:48.349287,46.740,-42.30,77.70,12.70,89.37
2026-01-30T11:24:48.349287,46.740,-53.50,18.40,121.60,134.12
2026-01-30T11:24:48.474054,46.865,-77.60,90.50,137.30,181.83
2026-01-30T11:24:48.474054,46.865,-22.80,59.00,38.10,73.84
2026-01-30T11:24:48.583266,46.974,-12.20,41.70,82.90,93.60
2026-01-30T11:24:48.583266,46.974,-59.60,82.20,84.10,131.84
2026-01-30T11:24:48.705272,47.096,-71.60,101.80,41.70,131.26
2026-01-30T11:24:48.705272,47.096,0.50,71.00,27.20,76.03
2026-01-30T11:24:48.705272,47.096,14.80,27.40,74.40,80.65
2026-01-30T11:24:48.813427,47.205,-48.30,24.40,69.60,88.16
2026-01-30T11:24:48.813427,47.205,-43.80,46.20,-23.60,67.90
2026-01-30T11:24:48.922754,47.314,-47.50,43.20,47.80,80.05
2026-01-30T11:24:48.922754,47.314,7.30,31.90,51.40,60.93
2026-01-30T11:24:49.034440,47.426,-52.80,3.40,116.80,128.22
2026-01-30T11:24:49.034440,47.426,-67.10,59.00,90.10,126.89
2026-01-30T11:24:49.143939,47.535,-64.80,60.50,0.60,88.65
2026-01-30T11:24:49.144939,47.536,-22.00,52.90,7.90,57.83
2026-01-30T11:24:49.144939,47.536,-14.50,7.90,73.20,75.04
2026-01-30T11:24:49.253368,47.644,-69.30,43.90,111.90,138.75
2026-01-30T11:24:49.253368,47.644,-37.80,83.00,18.80,93.12
2026-01-30T11:24:49.360913,47.752,-66.30,55.20,39.30,94.80
2026-01-30T11:24:49.361910,47.753,-39.30,1.90,36.90,53.94
2026-01-30T11:24:49.470300,47.861,-29.50,40.20,103.50,114.88
2026-01-30T11:24:49.470300,47.861,-62.60,75.50,86.50,130.77
2026-01-30T11:24:49.581283,47.972,-54.30,49.20,24.80,77.36
2026-01-30T11:24:49.582283,47.972,-12.20,80.70,38.10,90.07
2026-01-30T11:24:49.691760,48.083,14.80,50.70,30.90,61.19
2026-01-30T11:24:49.691760,48.083,-25.00,46.20,79.30,95.12
2026-01-30T11:24:49.691760,48.083,-94.10,28.90,51.40,111.05
2026-01-30T11:24:49.802552,48.194,-96.40,69.50,49.00,128.55
2026-01-30T11:24:49.802552,48.194,8.80,34.20,5.40,35.72
2026-01-30T11:24:49.913356,48.304,-77.60,-12.40,124.00,146.80
2026-01-30T11:24:49.913356,48.304,-56.60,61.20,-11.50,84.15
2026-01-30T11:24:50.025486,48.417,-10.70,9.40,-27.20,30.70
2026-01-30T11:24:50.025486,48.417,19.30,43.90,120.40,129.60
2026-01-30T11:24:50.136089,48.527,-21.30,28.90,34.50,49.79
2026-01-30T11:24:50.136089,48.527,-4.00,51.40,28.40,58.86
2026-01-30T11:24:50.136089,48.527,-11.50,28.20,4.20,30.74
2026-01-30T11:24:50.245956,48.637,-15.20,35.70,103.50,110.53
2026-01-30T11:24:50.245956,48.637,-49.80,61.20,75.60,109.27
2026-01-30T11:24:50.369344,48.760,-70.10,62.70,9.10,94.49
2026-01-30T11:24:50.370350,48.761,-25.00,60.50,15.10,67.18
2026-01-30T11:24:50.481439,48.873,-10.00,24.40,80.50,84.71
2026-01-30T11:24:50.481439,48.873,-58.10,82.20,92.60,136.77
2026-01-30T11:24:50.593215,48.984,-28.80,83.70,-26.00,92.26
2026-01-30T11:24:50.593215,48.984,-41.50,28.20,88.90,102.08
2026-01-30T11:24:50.593215,48.984,-23.50,63.50,74.40,100.60
2026-01-30T11:24:50.704400,49.096,-82.80,58.20,0.60,101.21
2026-01-30T11:24:50.705400,49.097,-14.50,-8.60,-7.90,18.62
2026-01-30T11:24:50.814869,49.206,-81.30,22.90,65.90,107.13
2026-01-30T11:24:50.814869,49.206,-49.80,34.90,-17.50,63.28
2026-01-30T11:24:50.925856,49.317,9.50,65.00,-28.40,71.57
2026-01-30T11:24:50.925856,49.317,-14.50,53.70,55.10,78.29
2026-01-30T11:24:51.037221,49.428,-43.80,75.50,21.20,89.82
2026-01-30T11:24:51.037221,49.428,-43.80,76.20,5.40,88.06
2026-01-30T11:24:51.037221,49.428,-43.80,77.70,-22.40,91.96
2026-01-30T11:24:51.147901,49.539,-19.00,75.50,11.50,78.70
2026-01-30T11:24:51.147901,49.539,-10.70,22.20,87.70,91.10
2026-01-30T11:24:51.262206,49.653,-46.00,21.40,115.60,126.24
2026-01-30T11:24:51.262206,49.653,-55.80,73.20,28.40,96.32
2026-01-30T11:24:51.372731,49.764,16.30,12.40,26.00,33.10
2026-01-30T11:24:51.372731,49.764,-61.80,1.90,85.30,105.35
2026-01-30T11:24:51.483711,49.875,-36.30,68.70,49.00,91.86
2026-01-30T11:24:51.484710,49.876,-29.50,68.70,-1.80,74.79
2026-01-30T11:24:51.596741,49.988,-24.30,34.90,51.40,66.71
2026-01-30T11:24:51.596741,49.988,-61.80,95.80,27.20,117.20
2026-01-30T11:24:51.596741,49.988,3.50,45.40,4.20,45.73
2026-01-30T11:24:51.711715,50.103,-67.80,22.90,127.70,146.38
2026-01-30T11:24:51.712714,50.104,-63.30,45.40,35.70,85.69
2026-01-30T11:24:51.825337,50.216,-38.50,48.40,43.00,75.32
2026-01-30T11:24:51.825337,50.216,-49.00,14.60,108.30,119.76
2026-01-30T11:24:51.962336,50.353,-44.50,38.70,26.00,64.45
2026-01-30T11:24:51.963336,50.354,-19.00,29.70,80.50,87.88
2026-01-30T11:24:51.963336,50.354,-79.80,-10.90,85.30,117.32
2026-01-30T11:24:52.076439,50.468,-77.60,74.70,45.40,116.89
2026-01-30T11:24:52.076439,50.468,1.30,24.40,15.10,28.72
2026-01-30T11:24:52.187737,50.579,-67.10,44.70,109.50,135.98
2026-01-30T11:24:52.187737,50.579,-32.50,47.70,43.00,71.98
2026-01-30T11:24:52.189689,50.581,-7.00,10.90,6.70,14.58
2026-01-30T11:24:52.303890,50.695,-42.30,22.90,81.70,94.81
2026-01-30T11:24:52.303890,50.695,-42.30,43.20,5.40,60.70
2026-01-30T11:24:52.417721,50.809,6.50,27.40,-39.30,48.35
2026-01-30T11:24:52.419226,50.810,-56.60,-1.10,137.30,148.51
2026-01-30T11:24:52.533242,50.924,-37.80,37.20,24.80,58.55
2026-01-30T11:24:52.533242,50.924,-21.30,32.70,24.80,46.24
2026-01-30T11:24:52.651373,51.042,-73.10,31.90,61.10,100.47
2026-01-30T11:24:52.651373,51.042,-66.30,35.70,7.90,75.71
2026-01-30T11:24:52.651373,51.042,-25.00,27.40,-17.50,41.01
2026-01-30T11:24:52.764177,51.155,-94.90,22.20,58.70,113.77
2026-01-30T11:24:52.764177,51.155,-55.00,47.70,20.00,75.50
2026-01-30T11:24:52.875325,51.266,-27.30,25.90,-0.60,37.64
2026-01-30T11:24:52.875325,51.266,-67.80,34.90,47.80,90.00
2026-01-30T11:24:52.983316,51.374,13.30,54.40,-33.30,65.15
2026-01-30T11:24:52.983316,51.374,-34.00,34.90,97.40,108.91
2026-01-30T11:24:53.092744,51.484,-52.80,64.20,56.30,100.40
2026-01-30T11:24:53.092744,51.484,-12.20,71.70,-0.60,72.73
2026-01-30T11:24:53.092744,51.484,2.80,19.90,56.30,59.78
